cohort_month	retention_month	retained_customers	cohort_size	retention_rate	dwh_create_date
2017-03-01	2	10	2635	0.38	2026-05-14 09:36:55.620
2017-01-01	5	1	762	0.13	2026-05-14 09:36:55.620
2017-04-01	2	5	2328	0.21	2026-05-14 09:36:55.620
2017-05-01	1	18	3582	0.50	2026-05-14 09:36:55.620
2017-07-01	0	3864	3864	100.00	2026-05-14 09:36:55.620
2018-04-01	4	9	6328	0.14	2026-05-14 09:36:55.620
2018-05-01	3	14	6562	0.21	2026-05-14 09:36:55.620
2017-06-01	1	14	3134	0.45	2026-05-14 09:36:55.620
2017-10-01	8	11	4472	0.25	2026-05-14 09:36:55.620
2017-09-01	9	7	4116	0.17	2026-05-14 09:36:55.620
2017-11-01	8	8	7305	0.11	2026-05-14 09:36:55.620
2016-10-01	20	1	317	0.32	2026-05-14 09:36:55.620
2017-12-01	7	3	5483	0.05	2026-05-14 09:36:55.620
2018-03-01	4	8	6964	0.11	2026-05-14 09:36:55.620
2017-03-01	16	2	2635	0.08	2026-05-14 09:36:55.620
2017-04-01	5	6	2328	0.26	2026-05-14 09:36:55.620
2017-09-01	6	9	4116	0.22	2026-05-14 09:36:55.620
2017-08-01	3	11	4182	0.26	2026-05-14 09:36:55.620
2017-02-01	14	2	1737	0.12	2026-05-14 09:36:55.620
2017-07-01	3	9	3864	0.23	2026-05-14 09:36:55.620
2016-10-01	6	1	317	0.32	2026-05-14 09:36:55.620
2017-06-01	7	7	3134	0.22	2026-05-14 09:36:55.620
2017-02-01	11	5	1737	0.29	2026-05-14 09:36:55.620
2017-08-01	6	12	4182	0.29	2026-05-14 09:36:55.620
2017-01-01	11	1	762	0.13	2026-05-14 09:36:55.620
2017-05-01	4	11	3582	0.31	2026-05-14 09:36:55.620
2017-10-01	5	9	4472	0.20	2026-05-14 09:36:55.620
2017-08-01	9	6	4182	0.14	2026-05-14 09:36:55.620
2018-03-01	1	32	6964	0.46	2026-05-14 09:36:55.620
2016-10-01	0	317	317	100.00	2026-05-14 09:36:55.620
2017-01-01	8	1	762	0.13	2026-05-14 09:36:55.620
2017-02-01	8	2	1737	0.12	2026-05-14 09:36:55.620
2017-06-01	4	8	3134	0.26	2026-05-14 09:36:55.620
2017-08-01	12	3	4182	0.07	2026-05-14 09:36:55.620
2016-10-01	9	1	317	0.32	2026-05-14 09:36:55.620
2017-07-01	12	4	3864	0.10	2026-05-14 09:36:55.620
2017-06-01	13	4	3134	0.13	2026-05-14 09:36:55.620
2017-11-01	0	7305	7305	100.00	2026-05-14 09:36:55.620
2017-04-01	14	2	2328	0.09	2026-05-14 09:36:55.620
2017-01-01	17	3	762	0.39	2026-05-14 09:36:55.620
2017-06-01	10	10	3134	0.32	2026-05-14 09:36:55.620
2017-02-01	17	4	1737	0.23	2026-05-14 09:36:55.620
2018-08-01	0	6190	6190	100.00	2026-05-14 09:36:55.620
2017-03-01	5	4	2635	0.15	2026-05-14 09:36:55.620
2018-09-01	0	5	5	100.00	2026-05-14 09:36:55.620
2017-05-01	10	9	3582	0.25	2026-05-14 09:36:55.620
2017-01-01	14	1	762	0.13	2026-05-14 09:36:55.620
2018-02-01	5	11	6439	0.17	2026-05-14 09:36:55.620
2017-03-01	8	9	2635	0.34	2026-05-14 09:36:55.620
2017-05-01	7	5	3582	0.14	2026-05-14 09:36:55.620
2017-04-01	8	7	2328	0.30	2026-05-14 09:36:55.620
2017-07-01	6	12	3864	0.31	2026-05-14 09:36:55.620
2017-07-01	9	10	3864	0.26	2026-05-14 09:36:55.620
2017-02-01	0	1737	1737	100.00	2026-05-14 09:36:55.620
2018-01-01	2	27	7001	0.39	2026-05-14 09:36:55.620
2018-02-01	2	24	6439	0.37	2026-05-14 09:36:55.620
2017-04-01	11	1	2328	0.04	2026-05-14 09:36:55.620
2017-03-01	17	4	2635	0.15	2026-05-14 09:36:55.620
2017-09-01	1	28	4116	0.68	2026-05-14 09:36:55.620
2017-10-01	0	4472	4472	100.00	2026-05-14 09:36:55.620
2018-06-01	4	1	5820	0.02	2026-05-14 09:36:55.620
2017-08-01	4	15	4182	0.36	2026-05-14 09:36:55.620
2017-05-01	13	1	3582	0.03	2026-05-14 09:36:55.620
2016-12-01	0	1	1	100.00	2026-05-14 09:36:55.620
2017-02-01	9	4	1737	0.23	2026-05-14 09:36:55.620
2017-03-01	14	4	2635	0.15	2026-05-14 09:36:55.620
2017-11-01	3	13	7305	0.18	2026-05-14 09:36:55.620
2018-07-01	0	5524	5524	100.00	2026-05-14 09:36:55.620
2017-02-01	6	4	1737	0.23	2026-05-14 09:36:55.620
2017-10-01	3	4	4472	0.09	2026-05-14 09:36:55.620
2017-01-01	6	4	762	0.52	2026-05-14 09:36:55.620
2017-06-01	2	11	3134	0.35	2026-05-14 09:36:55.620
2017-02-01	3	2	1737	0.12	2026-05-14 09:36:55.620
2017-12-01	5	11	5483	0.20	2026-05-14 09:36:55.620
2017-11-01	6	8	7305	0.11	2026-05-14 09:36:55.620
2017-04-01	0	2328	2328	100.00	2026-05-14 09:36:55.620
2017-01-01	3	1	762	0.13	2026-05-14 09:36:55.620
2017-09-01	7	10	4116	0.24	2026-05-14 09:36:55.620
2018-01-01	5	11	7001	0.16	2026-05-14 09:36:55.620
2018-05-01	1	33	6562	0.50	2026-05-14 09:36:55.620
2018-04-01	2	20	6328	0.32	2026-05-14 09:36:55.620
2017-01-01	0	762	762	100.00	2026-05-14 09:36:55.620
2018-06-01	1	23	5820	0.40	2026-05-14 09:36:55.620
2017-12-01	2	15	5483	0.27	2026-05-14 09:36:55.620
2017-09-01	4	19	4116	0.46	2026-05-14 09:36:55.620
2016-10-01	15	1	317	0.32	2026-05-14 09:36:55.620
2017-03-01	11	4	2635	0.15	2026-05-14 09:36:55.620
2017-08-01	1	29	4182	0.69	2026-05-14 09:36:55.620
2017-11-01	9	4	7305	0.05	2026-05-14 09:36:55.620
2017-04-01	6	8	2328	0.34	2026-05-14 09:36:55.620
2017-05-01	5	12	3582	0.34	2026-05-14 09:36:55.620
2017-07-01	4	11	3864	0.28	2026-05-14 09:36:55.620
2017-06-01	5	11	3134	0.35	2026-05-14 09:36:55.620
2017-07-01	7	4	3864	0.10	2026-05-14 09:36:55.620
2017-08-01	7	11	4182	0.26	2026-05-14 09:36:55.620
2017-05-01	2	18	3582	0.50	2026-05-14 09:36:55.620
2017-09-01	10	10	4116	0.24	2026-05-14 09:36:55.620
2018-02-01	0	6439	6439	100.00	2026-05-14 09:36:55.620
2017-12-01	8	12	5483	0.22	2026-05-14 09:36:55.620
2017-03-01	0	2635	2635	100.00	2026-05-14 09:36:55.620
2017-10-01	6	9	4472	0.20	2026-05-14 09:36:55.620
2017-08-01	10	10	4182	0.24	2026-05-14 09:36:55.620
2018-03-01	2	22	6964	0.32	2026-05-14 09:36:55.620
2017-04-01	3	4	2328	0.17	2026-05-14 09:36:55.620
2017-06-01	8	4	3134	0.13	2026-05-14 09:36:55.620
2017-03-01	3	10	2635	0.38	2026-05-14 09:36:55.620
2017-02-01	15	1	1737	0.06	2026-05-14 09:36:55.620
2017-10-01	9	9	4472	0.20	2026-05-14 09:36:55.620
2017-02-01	12	3	1737	0.17	2026-05-14 09:36:55.620
2017-07-01	1	19	3864	0.49	2026-05-14 09:36:55.620
2018-03-01	5	9	6964	0.13	2026-05-14 09:36:55.620
2017-01-01	12	6	762	0.79	2026-05-14 09:36:55.620
2017-01-01	1	3	762	0.39	2026-05-14 09:36:55.620
2017-11-01	4	14	7305	0.19	2026-05-14 09:36:55.620
2016-10-01	13	1	317	0.32	2026-05-14 09:36:55.620
2017-02-01	1	4	1737	0.23	2026-05-14 09:36:55.620
2017-03-01	6	4	2635	0.15	2026-05-14 09:36:55.620
2018-02-01	3	19	6439	0.30	2026-05-14 09:36:55.620
2018-04-01	0	6328	6328	100.00	2026-05-14 09:36:55.620
2018-01-01	3	19	7001	0.27	2026-05-14 09:36:55.620
2017-09-01	2	21	4116	0.51	2026-05-14 09:36:55.620
2017-12-01	0	5483	5483	100.00	2026-05-14 09:36:55.620
2017-06-01	14	6	3134	0.19	2026-05-14 09:36:55.620
2017-03-01	9	2	2635	0.08	2026-05-14 09:36:55.620
2017-05-01	14	7	3582	0.20	2026-05-14 09:36:55.620
2018-01-01	0	7001	7001	100.00	2026-05-14 09:36:55.620
2017-04-01	9	4	2328	0.17	2026-05-14 09:36:55.620
2017-07-01	10	8	3864	0.21	2026-05-14 09:36:55.620
2017-04-01	15	2	2328	0.09	2026-05-14 09:36:55.620
2017-06-01	11	10	3134	0.32	2026-05-14 09:36:55.620
2018-08-01	1	7	6190	0.11	2026-05-14 09:36:55.620
2017-05-01	11	11	3582	0.31	2026-05-14 09:36:55.620
2018-10-01	0	1	1	100.00	2026-05-14 09:36:55.620
2017-03-01	12	6	2635	0.23	2026-05-14 09:36:55.620
2017-04-01	12	2	2328	0.09	2026-05-14 09:36:55.620
2017-01-01	15	1	762	0.13	2026-05-14 09:36:55.620
2017-02-01	4	7	1737	0.40	2026-05-14 09:36:55.620
2017-11-01	1	40	7305	0.55	2026-05-14 09:36:55.620
2017-07-01	13	10	3864	0.26	2026-05-14 09:36:55.620
2018-02-01	6	13	6439	0.20	2026-05-14 09:36:55.620
2017-05-01	8	7	3582	0.20	2026-05-14 09:36:55.620
2017-12-01	3	19	5483	0.35	2026-05-14 09:36:55.620
2017-10-01	4	10	4472	0.22	2026-05-14 09:36:55.620
2017-09-01	5	9	4116	0.22	2026-05-14 09:36:55.620
2018-03-01	0	6964	6964	100.00	2026-05-14 09:36:55.620
2017-04-01	1	13	2328	0.56	2026-05-14 09:36:55.620
2018-04-01	3	16	6328	0.25	2026-05-14 09:36:55.620
2017-10-01	7	15	4472	0.34	2026-05-14 09:36:55.620
2017-11-01	7	14	7305	0.19	2026-05-14 09:36:55.620
2018-03-01	3	20	6964	0.29	2026-05-14 09:36:55.620
2017-02-01	10	2	1737	0.12	2026-05-14 09:36:55.620
2017-03-01	15	6	2635	0.23	2026-05-14 09:36:55.620
2018-06-01	2	16	5820	0.27	2026-05-14 09:36:55.620
2018-07-01	1	43	5524	0.78	2026-05-14 09:36:55.620
2016-09-01	0	4	4	100.00	2026-05-14 09:36:55.620
2017-01-01	7	1	762	0.13	2026-05-14 09:36:55.620
2017-07-01	2	14	3864	0.36	2026-05-14 09:36:55.620
2017-02-01	7	3	1737	0.17	2026-05-14 09:36:55.620
2017-06-01	3	13	3134	0.41	2026-05-14 09:36:55.620
2017-08-01	2	14	4182	0.33	2026-05-14 09:36:55.620
2017-12-01	6	9	5483	0.16	2026-05-14 09:36:55.620
2017-10-01	1	31	4472	0.69	2026-05-14 09:36:55.620
2017-05-01	0	3582	3582	100.00	2026-05-14 09:36:55.620
2017-01-01	4	3	762	0.39	2026-05-14 09:36:55.620
2017-09-01	8	12	4116	0.29	2026-05-14 09:36:55.620
2017-06-01	0	3134	3134	100.00	2026-05-14 09:36:55.620
2017-08-01	5	22	4182	0.53	2026-05-14 09:36:55.620
2016-10-01	19	2	317	0.63	2026-05-14 09:36:55.620
2018-01-01	6	10	7001	0.14	2026-05-14 09:36:55.620
2018-05-01	2	16	6562	0.24	2026-05-14 09:36:55.620
2016-12-01	1	1	1	100.00	2026-05-14 09:36:55.620
2017-07-01	8	7	3864	0.18	2026-05-14 09:36:55.620
2017-01-01	16	2	762	0.26	2026-05-14 09:36:55.620
2017-06-01	9	7	3134	0.22	2026-05-14 09:36:55.620
2017-08-01	8	6	4182	0.14	2026-05-14 09:36:55.620
2017-02-01	16	1	1737	0.06	2026-05-14 09:36:55.620
2017-02-01	13	3	1737	0.17	2026-05-14 09:36:55.620
2017-01-01	13	3	762	0.39	2026-05-14 09:36:55.620
2017-05-01	9	10	3582	0.28	2026-05-14 09:36:55.620
2017-04-01	10	6	2328	0.26	2026-05-14 09:36:55.620
2017-08-01	11	8	4182	0.19	2026-05-14 09:36:55.620
2017-05-01	6	15	3582	0.42	2026-05-14 09:36:55.620
2017-03-01	1	13	2635	0.49	2026-05-14 09:36:55.620
2017-07-01	11	12	3864	0.31	2026-05-14 09:36:55.620
2018-02-01	4	17	6439	0.26	2026-05-14 09:36:55.620
2017-01-01	10	2	762	0.26	2026-05-14 09:36:55.620
2017-06-01	6	12	3134	0.38	2026-05-14 09:36:55.620
2017-05-01	3	14	3582	0.39	2026-05-14 09:36:55.620
2017-04-01	4	8	2328	0.34	2026-05-14 09:36:55.620
2016-10-01	11	1	317	0.32	2026-05-14 09:36:55.620
2017-03-01	4	9	2635	0.34	2026-05-14 09:36:55.620
2017-10-01	10	9	4472	0.20	2026-05-14 09:36:55.620
2018-02-01	1	25	6439	0.39	2026-05-14 09:36:55.620
2017-09-01	11	3	4116	0.07	2026-05-14 09:36:55.620
2017-06-01	12	5	3134	0.16	2026-05-14 09:36:55.620
2017-03-01	7	8	2635	0.30	2026-05-14 09:36:55.620
2017-04-01	7	7	2328	0.30	2026-05-14 09:36:55.620
2017-07-01	5	8	3864	0.21	2026-05-14 09:36:55.620
2018-01-01	7	16	7001	0.23	2026-05-14 09:36:55.620
2017-02-01	5	2	1737	0.12	2026-05-14 09:36:55.620
2018-06-01	0	5820	5820	100.00	2026-05-14 09:36:55.620
2017-03-01	10	10	2635	0.38	2026-05-14 09:36:55.620
2017-08-01	0	4182	4182	100.00	2026-05-14 09:36:55.620
2017-01-01	2	2	762	0.26	2026-05-14 09:36:55.620
2017-12-01	4	14	5483	0.26	2026-05-14 09:36:55.620
2017-04-01	16	5	2328	0.21	2026-05-14 09:36:55.620
2017-02-01	2	5	1737	0.29	2026-05-14 09:36:55.620
2016-10-01	17	1	317	0.32	2026-05-14 09:36:55.620
2017-04-01	13	1	2328	0.04	2026-05-14 09:36:55.620
2017-03-01	13	3	2635	0.11	2026-05-14 09:36:55.620
2018-05-01	0	6562	6562	100.00	2026-05-14 09:36:55.620
2018-01-01	4	20	7001	0.29	2026-05-14 09:36:55.620
2017-10-01	2	11	4472	0.25	2026-05-14 09:36:55.620
2017-11-01	2	28	7305	0.38	2026-05-14 09:36:55.620
2017-12-01	1	15	5483	0.27	2026-05-14 09:36:55.620
2017-09-01	3	12	4116	0.29	2026-05-14 09:36:55.620
2018-01-01	1	25	7001	0.36	2026-05-14 09:36:55.620
2017-11-01	5	13	7305	0.18	2026-05-14 09:36:55.620
2017-09-01	0	4116	4116	100.00	2026-05-14 09:36:55.620
2018-07-01	2	2	5524	0.04	2026-05-14 09:36:55.620
2018-08-01	2	2	6190	0.03	2026-05-14 09:36:55.620
2017-01-01	19	1	762	0.13	2026-05-14 09:36:55.620
2017-05-01	15	8	3582	0.22	2026-05-14 09:36:55.620
2017-05-01	12	9	3582	0.25	2026-05-14 09:36:55.620
2018-04-01	1	34	6328	0.54	2026-05-14 09:36:55.620