date_sk	full_date	total_orders	total_customers	repeat_customers	total_gmv	avg_order_value	avg_review_score	delay_rate	dwh_create_date
20170316	2017-03-16	100	100	5	16467.91	164.68	4.13	9.00	2026-05-15 13:57:41.810
20171003	2017-10-03	193	190	16	29647.50	153.61	4.19689119170984	3.11	2026-05-15 13:57:41.810
20180821	2018-08-21	237	237	8	30696.60	129.52	4.44725738396625	7.17	2026-05-15 13:57:41.810
20171026	2017-10-26	140	139	12	24937.53	178.13	4.12142857142857	5.71	2026-05-15 13:57:41.810
20170811	2017-08-11	133	130	7	22067.71	165.92	4.3796992481203	2.26	2026-05-15 13:57:41.810
20180303	2018-03-03	205	199	13	30780.47	150.15	3.67560975609756	31.22	2026-05-15 13:57:41.810
20171126	2017-11-26	382	377	19	52164.38	136.56	3.81675392670157	20.42	2026-05-15 13:57:41.810
20170124	2017-01-24	38	38	2	5954.18	156.69	4.44736842105263	0.00	2026-05-15 13:57:41.810
20171103	2017-11-03	138	137	12	26036.08	188.67	4.14492753623188	5.07	2026-05-15 13:57:41.810
20180326	2018-03-26	266	265	15	41107.03	154.54	4.10526315789474	13.53	2026-05-15 13:57:41.810
20180203	2018-02-03	189	188	9	26742.03	141.49	4.1957671957672	3.70	2026-05-15 13:57:41.810
20170416	2017-04-16	47	47	1	6063.82	129.02	4.12765957446809	10.64	2026-05-15 13:57:41.810
20180721	2018-07-21	170	167	12	24062.78	141.55	4.46470588235294	2.94	2026-05-15 13:57:41.810
20180827	2018-08-27	66	66	3	6111.60	92.60	4.40909090909091	9.09	2026-05-15 13:57:41.810
20170608	2017-06-08	134	131	9	21919.44	163.58	4.23134328358209	2.24	2026-05-15 13:57:41.810
20170402	2017-04-02	64	63	4	10452.22	163.32	4.53125	1.56	2026-05-15 13:57:41.810
20170107	2017-01-07	4	4	0	1447.99	362.00	3	25.00	2026-05-15 13:57:41.810
20170502	2017-05-02	122	122	6	19905.71	163.16	4.15573770491803	4.92	2026-05-15 13:57:41.810
20161010	2016-10-10	34	33	1	3896.73	114.61	3.94117647058824	2.94	2026-05-15 13:57:41.810
20180217	2018-02-17	198	196	14	29049.53	146.71	3.83838383838384	14.65	2026-05-15 13:57:41.810
20171206	2017-12-06	269	265	14	44917.89	166.98	3.9814126394052	12.27	2026-05-15 13:57:41.810
20170708	2017-07-08	83	82	3	11897.07	143.34	4.43373493975904	0.00	2026-05-15 13:57:41.810
20170210	2017-02-10	62	62	3	14165.80	228.48	4.25806451612903	3.23	2026-05-15 13:57:41.810
20180429	2018-04-29	168	168	6	22756.58	135.46	4.05952380952381	5.95	2026-05-15 13:57:41.810
20170422	2017-04-22	82	82	5	14760.97	180.01	4.03658536585366	6.10	2026-05-15 13:57:41.810
20171106	2017-11-06	182	182	13	32103.93	176.40	4.12087912087912	6.59	2026-05-15 13:57:41.810
20180223	2018-02-23	232	224	14	32866.43	141.67	3.7801724137931	21.12	2026-05-15 13:57:41.810
20171212	2017-12-12	251	249	14	37772.83	150.49	3.97211155378486	9.96	2026-05-15 13:57:41.810
20170714	2017-07-14	148	146	11	21665.78	146.39	4.15540540540541	0.68	2026-05-15 13:57:41.810
20170522	2017-05-22	145	142	9	27312.02	188.36	4.24137931034483	2.07	2026-05-15 13:57:41.810
20180615	2018-06-15	178	177	7	30515.49	171.44	4.30898876404494	1.12	2026-05-15 13:57:41.810
20180807	2018-08-07	351	350	10	55251.85	157.41	4.13390313390313	17.95	2026-05-15 13:57:41.810
20180801	2018-08-01	302	301	15	47714.13	157.99	4.16887417218543	13.25	2026-05-15 13:57:41.810
20170728	2017-07-28	123	120	11	21930.43	178.30	4.41463414634146	2.44	2026-05-15 13:57:41.810
20170628	2017-06-28	117	117	7	16840.29	143.93	4.20512820512821	4.27	2026-05-15 13:57:41.810
20180409	2018-04-09	250	248	11	55344.94	221.38	4.3	4.80	2026-05-15 13:57:41.810
20170130	2017-01-30	48	46	4	11290.93	235.23	4.04166666666667	0.00	2026-05-15 13:57:41.810
20180509	2018-05-09	332	330	19	49185.69	148.15	4.20481927710843	8.13	2026-05-15 13:57:41.810
20171020	2017-10-20	118	118	3	21436.40	181.66	4.21186440677966	4.24	2026-05-15 13:57:41.810
20180117	2018-01-17	277	275	12	41255.67	148.94	4.13357400722022	6.14	2026-05-15 13:57:41.810
20170920	2017-09-20	158	157	13	25726.43	162.83	4.34810126582278	4.43	2026-05-15 13:57:41.810
20170814	2017-08-14	153	150	12	21245.89	138.86	4.28758169934641	1.96	2026-05-15 13:57:41.810
20180323	2018-03-23	209	208	6	31492.41	150.68	4.15789473684211	7.18	2026-05-15 13:57:41.810
20170505	2017-05-05	103	102	5	15882.38	154.20	4.0873786407767	1.94	2026-05-15 13:57:41.810
20180515	2018-05-15	341	340	11	48573.65	142.44	4.20527859237537	15.25	2026-05-15 13:57:41.810
20180824	2018-08-24	93	93	5	10707.32	115.13	4.2258064516129	9.68	2026-05-15 13:57:41.810
20171123	2017-11-23	268	265	13	49748.17	185.63	3.87313432835821	15.67	2026-05-15 13:57:41.810
20180701	2018-07-01	134	134	6	23256.70	173.56	4.32089552238806	0.00	2026-05-15 13:57:41.810
20170127	2017-01-27	58	58	1	12251.49	211.23	4.20689655172414	0.00	2026-05-15 13:57:41.810
20180724	2018-07-24	259	257	15	45723.75	176.54	4.33976833976834	3.47	2026-05-15 13:57:41.810
20170313	2017-03-13	104	102	5	18563.44	178.49	4.07692307692308	8.65	2026-05-15 13:57:41.810
20170605	2017-06-05	142	140	9	25970.01	182.89	4.16197183098592	3.52	2026-05-15 13:57:41.810
20170213	2017-02-13	74	74	1	12174.71	164.52	3.87837837837838	1.35	2026-05-15 13:57:41.810
20170110	2017-01-10	6	6	0	1571.17	261.86	3.5	0.00	2026-05-15 13:57:41.810
20170731	2017-07-31	139	136	10	19810.18	142.52	4.19064748201439	4.32	2026-05-15 13:57:41.810
20171229	2017-12-29	132	131	5	18620.09	141.06	4.1969696969697	3.03	2026-05-15 13:57:41.810
20171109	2017-11-09	182	182	6	28045.15	154.09	4.14835164835165	3.85	2026-05-15 13:57:41.810
20180406	2018-04-06	181	181	7	30713.51	169.69	4.04419889502762	3.31	2026-05-15 13:57:41.810
20180718	2018-07-18	296	288	20	47775.04	161.40	4.52702702702703	3.04	2026-05-15 13:57:41.810
20180618	2018-06-18	239	238	8	39236.65	164.17	4.54393305439331	0.84	2026-05-15 13:57:41.810
20170419	2017-04-19	93	92	6	13527.61	145.46	3.93548387096774	15.05	2026-05-15 13:57:41.810
20180426	2018-04-26	248	248	9	35787.38	144.30	4.37096774193548	4.44	2026-05-15 13:57:41.810
20171129	2017-11-29	314	313	14	46164.90	147.02	3.76433121019108	20.38	2026-05-15 13:57:41.810
20170711	2017-07-11	157	156	9	22352.97	142.38	4.35031847133758	3.18	2026-05-15 13:57:41.810
20180306	2018-03-06	268	266	10	44866.09	167.41	3.53544776119403	30.60	2026-05-15 13:57:41.810
20180804	2018-08-04	233	233	13	39770.21	170.69	4.25321888412017	11.16	2026-05-15 13:57:41.810
20171023	2017-10-23	152	152	12	25132.41	165.34	4.18092105263158	3.95	2026-05-15 13:57:41.810
20171209	2017-12-09	154	152	4	23321.18	151.44	3.94805194805195	9.09	2026-05-15 13:57:41.810
20170817	2017-08-17	153	151	8	21116.33	138.02	4.27450980392157	4.58	2026-05-15 13:57:41.810
20180220	2018-02-20	283	281	17	42199.24	149.11	3.8904593639576	14.49	2026-05-15 13:57:41.810
20180114	2018-01-14	229	225	18	34947.35	152.61	4.08296943231441	6.99	2026-05-15 13:57:41.810
20170917	2017-09-17	125	123	18	22826.04	182.61	4.136	7.20	2026-05-15 13:57:41.810
20180120	2018-01-20	182	179	10	26667.76	146.53	4.1043956043956	9.89	2026-05-15 13:57:41.810
20180512	2018-05-12	199	199	9	33663.15	169.16	4.12060301507538	6.53	2026-05-15 13:57:41.810
20170525	2017-05-25	102	101	4	17189.91	168.53	4.30392156862745	3.92	2026-05-15 13:57:41.810
20180412	2018-04-12	253	252	13	39744.34	157.09	4.18181818181818	3.16	2026-05-15 13:57:41.810
20170625	2017-06-25	99	96	6	19861.19	200.62	4.28282828282828	2.02	2026-05-15 13:57:41.810
20180727	2018-07-27	183	182	6	32573.15	178.00	4.22950819672131	2.73	2026-05-15 13:57:41.810
20170909	2017-09-09	103	100	5	17086.05	165.88	4.09708737864078	2.91	2026-05-15 13:57:41.810
20180704	2018-07-04	102	102	5	16198.43	158.81	4.34313725490196	1.96	2026-05-15 13:57:41.810
20171218	2017-12-18	205	204	10	33370.10	162.78	4.22439024390244	6.83	2026-05-15 13:57:41.810
20170222	2017-02-22	53	51	4	7024.96	132.55	4.07547169811321	3.77	2026-05-15 13:57:41.810
20170531	2017-05-31	117	117	6	21883.29	187.04	4.34188034188034	2.56	2026-05-15 13:57:41.810
20170717	2017-07-17	162	159	9	25134.75	155.15	4.16255144032922	4.32	2026-05-15 13:57:41.810
20180418	2018-04-18	271	270	15	44858.48	165.53	4.19926199261993	7.38	2026-05-15 13:57:41.810
20170508	2017-05-08	120	120	6	18708.37	155.90	4.38333333333333	4.17	2026-05-15 13:57:41.810
20180226	2018-02-26	290	282	15	49659.98	171.24	3.44827586206897	31.03	2026-05-15 13:57:41.810
20170903	2017-09-03	123	123	6	30749.17	249.99	4.41056910569106	1.63	2026-05-15 13:57:41.810
20170216	2017-02-16	49	49	3	6842.42	139.64	4.3265306122449	2.04	2026-05-15 13:57:41.810
20180627	2018-06-27	202	202	6	31323.62	155.07	4.34653465346535	0.99	2026-05-15 13:57:41.810
20170408	2017-04-08	64	63	3	9688.06	151.38	3.921875	7.81	2026-05-15 13:57:41.810
20170826	2017-08-26	89	89	3	11658.23	130.99	4.30337078651685	2.25	2026-05-15 13:57:41.810
20180501	2018-05-01	252	252	16	37921.15	150.48	4.1984126984127	3.57	2026-05-15 13:57:41.810
20171112	2017-11-12	170	170	4	25953.39	152.67	4.18823529411765	6.47	2026-05-15 13:57:41.810
20170116	2017-01-16	18	17	1	3668.38	203.80	4	0.00	2026-05-15 13:57:41.810
20180123	2018-01-23	256	254	18	39504.02	154.31	4.12109375	9.77	2026-05-15 13:57:41.810
20180813	2018-08-13	279	278	17	44738.04	160.35	4.40860215053763	6.81	2026-05-15 13:57:41.810
20170614	2017-06-14	127	123	7	23038.54	181.41	4.13779527559055	7.09	2026-05-15 13:57:41.810
20180103	2018-01-03	219	218	14	35871.97	163.80	4.08675799086758	4.11	2026-05-15 13:57:41.810
20180521	2018-05-21	195	195	8	28474.72	146.02	4.12307692307692	13.85	2026-05-15 13:57:41.810
20180621	2018-06-21	229	228	10	32726.34	142.91	4.22270742358079	2.18	2026-05-15 13:57:41.810
20170322	2017-03-22	103	102	5	16223.97	157.51	4.27669902912621	4.85	2026-05-15 13:57:41.810
20170820	2017-08-20	103	102	9	14955.17	145.20	4.21359223300971	0.97	2026-05-15 13:57:41.810
20180601	2018-06-01	183	181	9	37196.08	203.26	4.14207650273224	1.09	2026-05-15 13:57:41.810
20170926	2017-09-26	174	173	10	24567.70	141.19	4.47126436781609	4.02	2026-05-15 13:57:41.810
20180209	2018-02-09	208	206	11	34643.87	166.56	4.03125	13.46	2026-05-15 13:57:41.810
20171012	2017-10-12	136	135	3	21724.54	159.74	4.13235294117647	3.68	2026-05-15 13:57:41.810
20180315	2018-03-15	272	271	10	48505.73	178.33	3.77757352941176	23.90	2026-05-15 13:57:41.810
20180309	2018-03-09	197	196	8	32245.91	163.68	3.61167512690355	22.34	2026-05-15 13:57:41.810
20180415	2018-04-15	219	217	7	36151.24	165.07	4.0958904109589	3.20	2026-05-15 13:57:41.810
20180607	2018-06-07	216	216	12	41176.78	190.63	3.98611111111111	0.46	2026-05-15 13:57:41.810
20170528	2017-05-28	98	98	5	11120.71	113.48	4.38775510204082	2.04	2026-05-15 13:57:41.810
20170428	2017-04-28	94	94	1	17626.92	187.52	4.14893617021277	7.45	2026-05-15 13:57:41.810
20180707	2018-07-07	89	89	3	10942.08	122.94	4.52808988764045	0.00	2026-05-15 13:57:41.810
20180206	2018-02-06	261	257	15	38964.77	149.29	3.89272030651341	6.51	2026-05-15 13:57:41.810
20170720	2017-07-20	137	137	8	20396.96	148.88	4.26277372262774	2.92	2026-05-15 13:57:41.810
20170319	2017-03-19	56	56	2	7728.08	138.00	4.10714285714286	1.79	2026-05-15 13:57:41.810
20170906	2017-09-06	138	137	7	28254.37	204.74	4.02173913043478	7.97	2026-05-15 13:57:41.810
20170929	2017-09-29	108	107	7	30881.80	285.94	4.33796296296296	3.70	2026-05-15 13:57:41.810
20180106	2018-01-06	212	211	9	32368.25	152.68	3.98584905660377	2.83	2026-05-15 13:57:41.810
20171029	2017-10-29	129	126	10	20055.17	155.47	4.17829457364341	4.65	2026-05-15 13:57:41.810
20171006	2017-10-06	124	122	10	19876.13	160.29	4.05645161290323	8.87	2026-05-15 13:57:41.810
20170219	2017-02-19	35	35	3	3904.28	111.55	3.51428571428571	0.00	2026-05-15 13:57:41.810
20170405	2017-04-05	93	90	5	20080.09	215.91	4.38709677419355	7.53	2026-05-15 13:57:41.810
20170511	2017-05-11	124	123	9	21063.52	169.87	4.07258064516129	6.45	2026-05-15 13:57:41.810
20180329	2018-03-29	188	188	11	32834.01	174.65	3.79255319148936	15.43	2026-05-15 13:57:41.810
20180730	2018-07-30	259	259	11	40138.84	154.98	4.21235521235521	11.58	2026-05-15 13:57:41.810
20170302	2017-03-02	66	66	4	12575.46	190.54	4.16666666666667	7.58	2026-05-15 13:57:41.810
20170305	2017-03-05	67	66	4	8092.32	120.78	4.41791044776119	7.46	2026-05-15 13:57:41.810
20180810	2018-08-10	246	245	9	38501.16	156.51	4.16260162601626	10.57	2026-05-15 13:57:41.810
20180312	2018-03-12	228	226	6	35245.42	154.59	3.67105263157895	30.26	2026-05-15 13:57:41.810
20170113	2017-01-13	10	10	1	2712.86	271.29	4.3	0.00	2026-05-15 13:57:41.810
20170803	2017-08-03	144	143	14	21257.46	147.62	4.375	2.78	2026-05-15 13:57:41.810
20180624	2018-06-24	198	198	7	29291.59	147.94	4.4040404040404	1.52	2026-05-15 13:57:41.810
20180126	2018-01-26	223	222	10	38752.79	173.78	4.02242152466368	6.28	2026-05-15 13:57:41.810
20170611	2017-06-11	110	107	8	16079.60	146.18	4.22727272727273	4.55	2026-05-15 13:57:41.810
20171009	2017-10-09	187	185	14	33381.74	178.51	4.16577540106952	7.49	2026-05-15 13:57:41.810
20180710	2018-07-10	124	124	5	20972.87	169.14	4.17741935483871	6.45	2026-05-15 13:57:41.810
20180518	2018-05-18	228	227	20	34750.40	152.41	4.09210526315789	15.35	2026-05-15 13:57:41.810
20180604	2018-06-04	218	215	15	33304.93	152.77	4.41284403669725	0.00	2026-05-15 13:57:41.810
20170617	2017-06-17	72	71	5	12474.05	173.25	4.05555555555556	4.17	2026-05-15 13:57:41.810
20171221	2017-12-21	140	140	9	21104.96	150.75	4.08571428571429	6.43	2026-05-15 13:57:41.810
20170325	2017-03-25	72	69	5	10896.76	151.34	3.95833333333333	6.94	2026-05-15 13:57:41.810
20170823	2017-08-23	111	109	11	18593.79	167.51	4.21621621621622	2.70	2026-05-15 13:57:41.810
20170923	2017-09-23	81	80	7	11530.58	142.35	4.25925925925926	0.00	2026-05-15 13:57:41.810
20170425	2017-04-25	98	98	5	15509.58	158.26	4.11224489795918	9.18	2026-05-15 13:57:41.810
20171115	2017-11-15	176	175	12	26278.59	149.31	4.07954545454545	7.39	2026-05-15 13:57:41.810
20171215	2017-12-15	185	184	6	30506.85	164.90	4.07027027027027	5.95	2026-05-15 13:57:41.810
20171124	2017-11-24	1147	1132	47	175250.94	152.79	3.75893635571055	19.97	2026-05-15 13:57:41.810
20180109	2018-01-09	246	245	12	34951.14	142.08	4.17886178861789	4.47	2026-05-15 13:57:41.810
20180819	2018-08-19	202	201	6	29900.17	148.02	4.46039603960396	5.45	2026-05-15 13:57:41.810
20170414	2017-04-14	47	47	3	7950.88	169.17	3.97872340425532	10.64	2026-05-15 13:57:41.810
20171101	2017-11-01	108	107	11	22029.14	203.97	4.35185185185185	5.56	2026-05-15 13:57:41.810
20170122	2017-01-22	30	30	1	4141.87	138.06	4	0.00	2026-05-15 13:57:41.810
20180424	2018-04-24	263	261	14	48676.75	185.08	4.19011406844106	2.28	2026-05-15 13:57:41.810
20170809	2017-08-09	140	140	3	23298.08	166.41	4.27857142857143	1.43	2026-05-15 13:57:41.810
20180301	2018-03-01	268	265	13	45237.19	168.80	3.53358208955224	28.36	2026-05-15 13:57:41.810
20161005	2016-10-05	35	35	2	7209.50	205.99	3.77142857142857	0.00	2026-05-15 13:57:41.810
20170308	2017-03-08	73	73	1	14778.27	202.44	4.17808219178082	5.48	2026-05-15 13:57:41.810
20170105	2017-01-05	32	18	7	707.27	22.10	4.90625	0.00	2026-05-15 13:57:41.810
20170205	2017-02-05	74	73	4	10035.21	135.61	4.2027027027027	1.35	2026-05-15 13:57:41.810
20170328	2017-03-28	96	95	5	13533.91	140.98	4.33333333333333	5.21	2026-05-15 13:57:41.810
20161008	2016-10-08	35	34	3	8226.21	235.03	4.48571428571429	0.00	2026-05-15 13:57:41.810
20180527	2018-05-27	100	98	4	14693.68	146.94	4.17	0.00	2026-05-15 13:57:41.810
20170706	2017-07-06	140	138	9	24168.19	172.63	4.31428571428571	2.86	2026-05-15 13:57:41.810
20180713	2018-07-13	165	165	9	32258.97	195.51	4.08484848484848	2.42	2026-05-15 13:57:41.810
20170520	2017-05-20	70	70	7	12239.93	174.86	4.17142857142857	2.86	2026-05-15 13:57:41.810
20170806	2017-08-06	105	104	5	15305.72	145.77	4.16666666666667	4.76	2026-05-15 13:57:41.810
20180427	2018-04-27	234	233	14	44822.30	191.55	4.2008547008547	5.56	2026-05-15 13:57:41.810
20171204	2017-12-04	320	316	20	51489.51	160.90	3.971875	15.31	2026-05-15 13:57:41.810
20170514	2017-05-14	108	108	7	16520.56	152.97	4.2037037037037	6.48	2026-05-15 13:57:41.810
20180401	2018-04-01	201	201	8	33208.59	165.22	3.97512437810945	9.95	2026-05-15 13:57:41.810
20180507	2018-05-07	360	359	17	60392.16	167.76	4.25277777777778	6.39	2026-05-15 13:57:41.810
20171224	2017-12-24	57	57	1	6653.69	116.73	4.24561403508772	1.75	2026-05-15 13:57:41.810
20170726	2017-07-26	114	111	10	12867.40	112.87	4.51315789473684	2.63	2026-05-15 13:57:41.810
20170228	2017-02-28	53	53	1	11999.21	226.40	3.90566037735849	7.55	2026-05-15 13:57:41.810
20170620	2017-06-20	90	90	9	13653.90	151.71	3.96666666666667	3.33	2026-05-15 13:57:41.810
20180613	2018-06-13	246	246	7	39722.56	161.47	4.27642276422764	1.22	2026-05-15 13:57:41.810
20171118	2017-11-18	141	138	8	26543.38	188.25	4.13829787234043	12.06	2026-05-15 13:57:41.810
20180115	2018-01-15	300	297	14	44190.84	147.30	4.10333333333333	5.33	2026-05-15 13:57:41.810
20171018	2017-10-18	176	174	10	31501.88	178.99	4.24431818181818	3.41	2026-05-15 13:57:41.810
20180215	2018-02-15	270	264	16	36737.77	136.07	3.84259259259259	15.19	2026-05-15 13:57:41.810
20180822	2018-08-22	184	183	5	23218.82	126.19	4.42391304347826	5.98	2026-05-15 13:57:41.810
20170411	2017-04-11	73	73	5	8420.13	115.34	4.13698630136986	6.85	2026-05-15 13:57:41.810
20171121	2017-11-21	222	221	14	38509.62	173.47	4.06306306306306	19.82	2026-05-15 13:57:41.810
20180112	2018-01-12	234	233	13	35877.30	153.32	4.01068376068376	4.70	2026-05-15 13:57:41.810
20170125	2017-01-25	57	57	1	8196.05	143.79	3.98245614035088	1.75	2026-05-15 13:57:41.810
20170912	2017-09-12	200	196	13	31485.63	157.43	4.085	9.50	2026-05-15 13:57:41.810
20180321	2018-03-21	277	274	15	45667.68	164.87	4.12274368231047	10.83	2026-05-15 13:57:41.810
20170812	2017-08-12	91	89	8	14433.45	158.61	4.2967032967033	3.30	2026-05-15 13:57:41.810
20180421	2018-04-21	69	69	3	10078.97	146.07	4.15942028985507	5.80	2026-05-15 13:57:41.810
20180129	2018-01-29	236	233	13	34711.59	147.08	3.95762711864407	13.14	2026-05-15 13:57:41.810
20171104	2017-11-04	106	105	6	22074.22	208.25	4.20754716981132	4.72	2026-05-15 13:57:41.810
20170202	2017-02-02	67	67	1	10342.54	154.37	4.37313432835821	4.48	2026-05-15 13:57:41.810
20180530	2018-05-30	132	132	8	21314.30	161.47	4.31818181818182	0.00	2026-05-15 13:57:41.810
20170703	2017-07-03	111	110	9	17715.56	159.60	4.30630630630631	2.70	2026-05-15 13:57:41.810
20170311	2017-03-11	68	68	5	12108.32	178.06	4.08823529411765	2.94	2026-05-15 13:57:41.810
20180630	2018-06-30	104	103	8	15977.92	153.63	4.30769230769231	0.00	2026-05-15 13:57:41.810
20170603	2017-06-03	88	88	3	12232.84	139.01	3.93181818181818	4.55	2026-05-15 13:57:41.810
20170208	2017-02-08	83	83	4	13517.96	162.87	4.40963855421687	1.20	2026-05-15 13:57:41.810
20170517	2017-05-17	139	138	8	21127.09	151.99	4.23381294964029	2.88	2026-05-15 13:57:41.810
20180218	2018-02-18	199	196	7	28548.16	143.46	3.92964824120603	15.58	2026-05-15 13:57:41.810
20180716	2018-07-16	236	233	10	36199.24	153.39	4.29237288135593	6.78	2026-05-15 13:57:41.810
20171015	2017-10-15	117	117	4	21097.05	180.32	4.13675213675214	4.27	2026-05-15 13:57:41.810
20171207	2017-12-07	223	222	13	32437.07	145.46	4.04484304932735	12.11	2026-05-15 13:57:41.810
20180504	2018-05-04	259	259	12	43877.69	169.41	4.28957528957529	3.47	2026-05-15 13:57:41.810
20170729	2017-07-29	107	105	5	17245.47	161.17	4.14018691588785	4.67	2026-05-15 13:57:41.810
20170829	2017-08-29	135	134	8	36458.70	270.06	4.24074074074074	6.67	2026-05-15 13:57:41.810
20180404	2018-04-04	252	251	11	42190.71	167.42	4.08333333333333	7.14	2026-05-15 13:57:41.810
20171201	2017-12-01	267	261	15	44851.78	167.98	3.96067415730337	12.36	2026-05-15 13:57:41.810
20180524	2018-05-24	111	111	4	21922.36	197.50	4.40540540540541	1.80	2026-05-15 13:57:41.810
20170709	2017-07-09	88	88	4	9915.73	112.68	4.14772727272727	3.41	2026-05-15 13:57:41.810
20170119	2017-01-19	27	26	5	4025.23	149.08	4.14814814814815	3.70	2026-05-15 13:57:41.810
20171227	2017-12-27	164	164	5	20625.70	125.77	4.25609756097561	2.44	2026-05-15 13:57:41.810
20180816	2018-08-16	307	306	7	40776.38	132.82	4.3485342019544	9.12	2026-05-15 13:57:41.810
20170417	2017-04-17	58	58	3	8628.01	148.76	4.01724137931035	10.34	2026-05-15 13:57:41.810
20170915	2017-09-15	143	142	8	21014.01	146.95	4.17482517482518	6.29	2026-05-15 13:57:41.810
20180318	2018-03-18	211	206	14	35452.60	168.02	4.05687203791469	15.64	2026-05-15 13:57:41.810
20180212	2018-02-12	214	210	12	27569.29	128.83	3.77570093457944	16.82	2026-05-15 13:57:41.810
20171021	2017-10-21	104	103	5	16798.55	161.52	4.10576923076923	2.88	2026-05-15 13:57:41.810
20170225	2017-02-25	39	39	1	4347.75	111.48	3.92307692307692	0.00	2026-05-15 13:57:41.810
20170331	2017-03-31	69	69	3	13712.76	198.74	4.02898550724638	7.25	2026-05-15 13:57:41.810
20180802	2018-08-02	292	292	6	44852.24	153.60	4.13013698630137	15.41	2026-05-15 13:57:41.810
20180610	2018-06-10	190	190	5	30124.46	158.55	4.15263157894737	2.11	2026-05-15 13:57:41.810
20170623	2017-06-23	103	102	5	15044.51	146.06	4.48543689320388	0.00	2026-05-15 13:57:41.810
20170723	2017-07-23	101	100	6	13682.85	135.47	4.2970297029703	0.99	2026-05-15 13:57:41.810
20180510	2018-05-10	267	265	12	56209.17	210.52	4.23595505617978	8.61	2026-05-15 13:57:41.810
20180324	2018-03-24	163	163	8	27433.67	168.30	4.03680981595092	12.88	2026-05-15 13:57:41.810
20170506	2017-05-06	102	99	8	16356.28	160.36	4.34313725490196	1.96	2026-05-15 13:57:41.810
20170529	2017-05-29	150	149	6	20299.66	135.33	4.12666666666667	2.00	2026-05-15 13:57:41.810
20180702	2018-07-02	152	152	3	24330.63	160.07	4.53289473684211	0.00	2026-05-15 13:57:41.810
20170128	2017-01-28	28	28	3	5736.98	204.89	4.17857142857143	0.00	2026-05-15 13:57:41.810
20170815	2017-08-15	186	183	13	26883.56	144.54	4.3010752688172	2.69	2026-05-15 13:57:41.810
20180725	2018-07-25	262	261	9	47050.65	179.58	4.36641221374046	3.05	2026-05-15 13:57:41.810
20180516	2018-05-16	346	345	11	63477.36	183.46	4.16763005780347	17.05	2026-05-15 13:57:41.810
20171001	2017-10-01	124	122	7	21048.67	169.75	4.19758064516129	2.42	2026-05-15 13:57:41.810
20171007	2017-10-07	100	99	5	17222.96	172.23	4.16	6.00	2026-05-15 13:57:41.810
20170320	2017-03-20	113	111	8	19327.85	171.04	4.07079646017699	7.08	2026-05-15 13:57:41.810
20170314	2017-03-14	95	95	3	16171.19	170.22	4.14736842105263	4.21	2026-05-15 13:57:41.810
20180201	2018-02-01	227	224	19	35200.93	155.07	4.17621145374449	6.61	2026-05-15 13:57:41.810
20180330	2018-03-30	163	163	11	25998.00	159.50	3.95092024539877	12.27	2026-05-15 13:57:41.810
20170214	2017-02-14	66	65	5	12363.65	187.33	4.1969696969697	3.03	2026-05-15 13:57:41.810
20170901	2017-09-01	141	138	12	28904.70	205.00	4.15248226950355	4.96	2026-05-15 13:57:41.810
20170606	2017-06-06	128	124	14	16125.71	125.98	4.21875	2.34	2026-05-15 13:57:41.810
20180825	2018-08-25	68	68	3	11666.15	171.56	4.45588235294118	1.47	2026-05-15 13:57:41.810
20170111	2017-01-11	10	10	2	2098.78	209.88	4.4	0.00	2026-05-15 13:57:41.810
20180407	2018-04-07	161	160	11	28285.11	175.68	4.12111801242236	5.59	2026-05-15 13:57:41.810
20171230	2017-12-30	96	96	3	15201.60	158.35	3.92708333333333	3.13	2026-05-15 13:57:41.810
20180121	2018-01-21	188	187	8	25653.42	136.45	3.99468085106383	9.57	2026-05-15 13:57:41.810
20161223	2016-12-23	1	1	1	19.62	19.62	5	0.00	2026-05-15 13:57:41.810
20171110	2017-11-10	159	158	6	22010.46	138.43	3.9937106918239	6.92	2026-05-15 13:57:41.810
20170420	2017-04-20	91	86	8	14461.90	158.92	3.8956043956044	12.09	2026-05-15 13:57:41.810
20180101	2018-01-01	72	72	3	8307.36	115.38	4.04166666666667	5.56	2026-05-15 13:57:41.810
20171130	2017-11-30	260	257	16	36081.79	138.78	3.99423076923077	11.54	2026-05-15 13:57:41.810
20170712	2017-07-12	145	145	9	21775.74	150.18	4.10344827586207	4.14	2026-05-15 13:57:41.810
20180619	2018-06-19	222	222	13	38489.78	173.38	4.41441441441441	1.80	2026-05-15 13:57:41.810
20180719	2018-07-19	248	244	13	44229.09	178.34	4.10483870967742	2.02	2026-05-15 13:57:41.810
20170612	2017-06-12	121	121	6	16726.27	138.23	4.27272727272727	8.26	2026-05-15 13:57:41.810
20180413	2018-04-13	197	197	12	34785.48	176.58	4.19796954314721	3.05	2026-05-15 13:57:41.810
20171210	2017-12-10	184	180	7	27637.73	150.21	4.08152173913043	8.15	2026-05-15 13:57:41.810
20180307	2018-03-07	254	251	14	41584.00	163.72	3.59842519685039	31.10	2026-05-15 13:57:41.810
20180221	2018-02-21	260	250	20	36890.27	141.89	3.82307692307692	23.46	2026-05-15 13:57:41.810
20171024	2017-10-24	162	161	9	25677.06	158.50	4.32098765432099	6.17	2026-05-15 13:57:41.810
20170924	2017-09-24	112	108	9	15371.22	137.24	4.39732142857143	1.79	2026-05-15 13:57:41.810
20170918	2017-09-18	179	177	14	31137.99	173.96	4.12849162011173	11.73	2026-05-15 13:57:41.810
20170818	2017-08-18	141	140	12	19514.79	138.40	4.24822695035461	2.84	2026-05-15 13:57:41.810
20171216	2017-12-16	129	129	9	22701.56	175.98	4.10852713178295	5.43	2026-05-15 13:57:41.810
20180705	2018-07-05	159	158	7	27737.54	174.45	4.06918238993711	3.14	2026-05-15 13:57:41.810
20170626	2017-06-26	65	63	4	14482.70	222.81	4.23076923076923	6.15	2026-05-15 13:57:41.810
20180805	2018-08-05	269	268	12	41282.34	153.47	4.27881040892193	17.84	2026-05-15 13:57:41.810
20170526	2017-05-26	77	76	3	12246.38	159.04	4.11688311688312	2.60	2026-05-15 13:57:41.810
20171004	2017-10-04	156	154	11	24518.81	157.17	4.26923076923077	0.64	2026-05-15 13:57:41.810
20171027	2017-10-27	130	130	5	23083.02	177.56	4.07692307692308	7.69	2026-05-15 13:57:41.810
20180513	2018-05-13	205	204	12	36076.26	175.98	4.18536585365854	6.34	2026-05-15 13:57:41.810
20180327	2018-03-27	239	238	14	39310.44	164.48	4.12970711297071	14.64	2026-05-15 13:57:41.810
20180304	2018-03-04	228	224	8	35533.64	155.85	3.59429824561404	28.51	2026-05-15 13:57:41.810
20171127	2017-11-27	395	391	16	55887.37	141.49	3.74303797468354	21.27	2026-05-15 13:57:41.810
20170217	2017-02-17	42	42	3	7652.02	182.19	4.07142857142857	4.76	2026-05-15 13:57:41.810
20180204	2018-02-04	197	196	10	27687.48	140.55	4.11167512690355	5.08	2026-05-15 13:57:41.810
20180227	2018-02-27	293	283	17	46614.44	159.09	3.45904436860068	26.28	2026-05-15 13:57:41.810
20170317	2017-03-17	64	64	3	13522.03	211.28	4.046875	6.25	2026-05-15 13:57:41.810
20180828	2018-08-28	39	39	3	4121.23	105.67	4.48717948717949	2.56	2026-05-15 13:57:41.810
20180722	2018-07-22	182	180	9	27229.31	149.61	4.40659340659341	3.30	2026-05-15 13:57:41.810
20170904	2017-09-04	147	143	13	28186.68	191.75	4.25850340136054	4.76	2026-05-15 13:57:41.810
20170503	2017-05-03	99	99	4	11979.22	121.00	4.21212121212121	8.08	2026-05-15 13:57:41.810
20170403	2017-04-03	68	68	5	10300.27	151.47	4.16911764705882	5.88	2026-05-15 13:57:41.810
20170108	2017-01-08	4	4	0	507.85	126.96	4.5	0.00	2026-05-15 13:57:41.810
20170921	2017-09-21	144	144	8	21483.11	149.19	4.27777777777778	2.08	2026-05-15 13:57:41.810
20170423	2017-04-23	84	83	4	11506.54	136.98	4.07142857142857	10.71	2026-05-15 13:57:41.810
20170211	2017-02-11	45	45	0	5233.15	116.29	4.33333333333333	4.44	2026-05-15 13:57:41.810
20180430	2018-04-30	232	232	13	40115.26	172.91	4.30603448275862	2.16	2026-05-15 13:57:41.810
20171107	2017-11-07	154	153	6	23399.01	151.94	4.23376623376623	5.19	2026-05-15 13:57:41.810
20170609	2017-06-09	105	103	11	18447.99	175.70	4.15238095238095	0.95	2026-05-15 13:57:41.810
20180622	2018-06-22	177	177	6	28484.57	160.93	4.27118644067797	0.56	2026-05-15 13:57:41.810
20180224	2018-02-24	188	183	7	27999.58	148.93	3.72340425531915	27.13	2026-05-15 13:57:41.810
20170523	2017-05-23	120	120	2	19919.26	165.99	4.20833333333333	4.17	2026-05-15 13:57:41.810
20170629	2017-06-29	110	108	12	14276.78	129.79	4.22727272727273	3.64	2026-05-15 13:57:41.810
20180616	2018-06-16	162	161	3	28607.93	176.59	4.32098765432099	0.62	2026-05-15 13:57:41.810
20170715	2017-07-15	97	97	5	13070.37	134.75	4.16494845360825	3.09	2026-05-15 13:57:41.810
20180410	2018-04-10	196	195	12	31879.46	162.65	4.04336734693878	5.10	2026-05-15 13:57:41.810
20180808	2018-08-08	307	305	12	49834.74	162.33	4.24104234527687	11.40	2026-05-15 13:57:41.810
20180310	2018-03-10	185	183	8	29722.84	160.66	3.56216216216216	27.03	2026-05-15 13:57:41.810
20180118	2018-01-18	236	230	9	32644.24	138.32	4.07838983050847	6.36	2026-05-15 13:57:41.810
20170131	2017-01-31	64	62	5	11818.15	184.66	4.09375	9.38	2026-05-15 13:57:41.810
20171213	2017-12-13	215	211	10	33708.80	156.79	4.01395348837209	4.65	2026-05-15 13:57:41.810
20170412	2017-04-12	61	61	1	8925.15	146.31	3.86885245901639	11.48	2026-05-15 13:57:41.810
20180207	2018-02-07	242	238	15	35845.39	148.12	4.07438016528926	6.20	2026-05-15 13:57:41.810
20180422	2018-04-22	87	87	3	12716.20	146.16	4.17241379310345	5.75	2026-05-15 13:57:41.810
20170930	2017-09-30	105	105	3	13706.62	130.54	4.20952380952381	2.86	2026-05-15 13:57:41.810
20180107	2018-01-07	192	192	8	32749.23	170.57	4.171875	3.13	2026-05-15 13:57:41.810
20180130	2018-01-30	231	227	16	31987.07	138.47	3.95238095238095	11.69	2026-05-15 13:57:41.810
20170220	2017-02-20	59	59	3	8318.07	140.98	4.01694915254237	8.47	2026-05-15 13:57:41.810
20180817	2018-08-17	242	240	9	36000.40	148.76	4.42355371900826	4.55	2026-05-15 13:57:41.810
20170907	2017-09-07	97	96	9	19096.76	196.87	4.32989690721649	4.12	2026-05-15 13:57:41.810
20171030	2017-10-30	138	138	8	22367.93	162.09	4.25	12.32	2026-05-15 13:57:41.810
20170512	2017-05-12	104	102	7	13833.42	133.01	4.02884615384615	7.69	2026-05-15 13:57:41.810
20170406	2017-04-06	92	91	8	20966.29	227.89	4.08695652173913	4.35	2026-05-15 13:57:41.810
20170203	2017-02-03	54	54	2	10797.07	199.95	4.31481481481481	3.70	2026-05-15 13:57:41.810
20180625	2018-06-25	232	232	9	39943.66	172.17	4.37068965517241	1.29	2026-05-15 13:57:41.810
20161003	2016-10-03	7	7	1	559.53	79.93	3.28571428571429	0.00	2026-05-15 13:57:41.810
20170306	2017-03-06	94	94	2	10605.15	112.82	4.08510638297872	4.26	2026-05-15 13:57:41.810
20170303	2017-03-03	72	69	5	13919.14	193.32	4.23611111111111	5.56	2026-05-15 13:57:41.810
20180731	2018-07-31	301	301	8	50860.92	168.97	4.24916943521595	11.96	2026-05-15 13:57:41.810
20171016	2017-10-16	188	188	9	34435.34	183.17	4.18617021276596	6.91	2026-05-15 13:57:41.810
20180525	2018-05-25	103	103	7	18137.37	176.09	4.40776699029126	0.97	2026-05-15 13:57:41.810
20170804	2017-08-04	139	136	8	21112.70	151.89	4.34532374100719	2.88	2026-05-15 13:57:41.810
20180811	2018-08-11	185	185	3	30511.58	164.93	4.2972972972973	4.32	2026-05-15 13:57:41.810
20170114	2017-01-14	16	15	1	1161.08	72.57	3.5625	6.25	2026-05-15 13:57:41.810
20180127	2018-01-27	150	147	8	24568.62	163.79	4.04	7.33	2026-05-15 13:57:41.810
20171202	2017-12-02	210	209	12	35083.47	167.06	3.86190476190476	11.90	2026-05-15 13:57:41.810
20170120	2017-01-20	28	28	4	4656.05	166.29	4.60714285714286	0.00	2026-05-15 13:57:41.810
20171010	2017-10-10	175	174	9	31450.93	179.72	4.18285714285714	8.00	2026-05-15 13:57:41.810
20180519	2018-05-19	137	135	9	28140.17	205.40	4.13868613138686	13.87	2026-05-15 13:57:41.810
20180711	2018-07-11	123	123	6	21286.74	173.06	4.08943089430894	8.13	2026-05-15 13:57:41.810
20171222	2017-12-22	108	108	5	16443.08	152.25	4.21296296296296	4.63	2026-05-15 13:57:41.810
20170618	2017-06-18	87	85	14	17556.37	201.80	4.31609195402299	1.15	2026-05-15 13:57:41.810
20170426	2017-04-26	116	116	8	17427.93	150.24	4.12931034482759	8.62	2026-05-15 13:57:41.810
20180505	2018-05-05	191	191	7	31959.29	167.33	4.10471204188482	5.76	2026-05-15 13:57:41.810
20170824	2017-08-24	123	121	5	15814.19	128.57	4.26829268292683	3.25	2026-05-15 13:57:41.810
20180605	2018-06-05	189	188	7	34668.11	183.43	4.2962962962963	1.06	2026-05-15 13:57:41.810
20170326	2017-03-26	63	63	4	7356.91	116.78	4	11.11	2026-05-15 13:57:41.810
20180213	2018-02-13	217	213	16	27425.09	126.38	3.94009216589862	11.98	2026-05-15 13:57:41.810
20170724	2017-07-24	157	154	11	21300.63	135.67	4.28025477707006	5.10	2026-05-15 13:57:41.810
20171116	2017-11-16	219	217	13	32236.15	147.20	4.26940639269406	9.13	2026-05-15 13:57:41.810
20180313	2018-03-13	217	216	15	40303.17	185.73	3.65898617511521	24.88	2026-05-15 13:57:41.810
20180419	2018-04-19	267	265	16	46700.32	174.91	4.19850187265918	4.49	2026-05-15 13:57:41.810
20170910	2017-09-10	132	131	7	20041.51	151.83	4.26515151515152	7.58	2026-05-15 13:57:41.810
20180728	2018-07-28	166	165	7	28483.61	171.59	4.29518072289157	1.81	2026-05-15 13:57:41.810
20170718	2017-07-18	186	183	13	31449.43	169.08	4.13978494623656	5.38	2026-05-15 13:57:41.810
20170223	2017-02-23	57	55	3	7792.79	136.72	4.21052631578947	3.51	2026-05-15 13:57:41.810
20171219	2017-12-19	173	172	12	23858.26	137.91	4.26589595375723	7.51	2026-05-15 13:57:41.810
20170409	2017-04-09	68	65	4	9077.65	133.49	4.01470588235294	4.41	2026-05-15 13:57:41.810
20180110	2018-01-10	271	271	9	43643.99	161.05	4.08487084870849	5.90	2026-05-15 13:57:41.810
20170509	2017-05-09	120	119	7	23492.40	195.77	4.33333333333333	5.00	2026-05-15 13:57:41.810
20170701	2017-07-01	77	77	3	13357.44	173.47	4.11688311688312	1.30	2026-05-15 13:57:41.810
20180628	2018-06-28	238	237	11	37136.11	156.03	4.23529411764706	1.26	2026-05-15 13:57:41.810
20161006	2016-10-06	41	41	1	6733.52	164.23	3.95121951219512	0.00	2026-05-15 13:57:41.810
20180502	2018-05-02	285	284	13	42228.65	148.17	4.34210526315789	5.61	2026-05-15 13:57:41.810
20180124	2018-01-24	236	233	14	35959.91	152.37	3.92584745762712	13.98	2026-05-15 13:57:41.810
20170801	2017-08-01	161	160	8	24811.88	154.11	4.18012422360248	4.35	2026-05-15 13:57:41.810
20170827	2017-08-27	115	113	8	15414.30	134.04	4.24782608695652	1.74	2026-05-15 13:57:41.810
20170515	2017-05-15	149	146	11	21065.32	141.38	4.06040268456376	2.68	2026-05-15 13:57:41.810
20180814	2018-08-14	307	305	7	50615.43	164.87	4.24104234527687	11.40	2026-05-15 13:57:41.810
20170117	2017-01-17	32	31	1	3893.61	121.68	4.265625	0.00	2026-05-15 13:57:41.810
20170615	2017-06-15	103	99	6	14140.56	137.29	4.0873786407767	4.85	2026-05-15 13:57:41.810
20170807	2017-08-07	155	153	10	26090.95	168.33	4.38064516129032	3.87	2026-05-15 13:57:41.810
20180104	2018-01-04	248	246	19	39137.40	157.81	4.18145161290323	6.05	2026-05-15 13:57:41.810
20180522	2018-05-22	193	193	14	31269.75	162.02	4.16580310880829	8.81	2026-05-15 13:57:41.810
20170927	2017-09-27	144	142	12	24083.23	167.24	4.30555555555556	2.08	2026-05-15 13:57:41.810
20170429	2017-04-29	70	70	5	13307.91	190.11	4.14285714285714	2.86	2026-05-15 13:57:41.810
20180210	2018-02-10	174	169	9	24342.08	139.90	4.02586206896552	9.20	2026-05-15 13:57:41.810
20170323	2017-03-23	105	104	6	18402.83	175.27	4.2	3.81	2026-05-15 13:57:41.810
20180602	2018-06-02	141	141	4	28870.67	204.76	4.22695035460993	0.71	2026-05-15 13:57:41.810
20171013	2017-10-13	150	149	9	25707.80	171.39	4.16	7.33	2026-05-15 13:57:41.810
20180416	2018-04-16	276	275	11	46881.58	169.86	4.23913043478261	4.71	2026-05-15 13:57:41.810
20171119	2017-11-19	157	154	12	23273.59	148.24	4.31210191082803	10.19	2026-05-15 13:57:41.810
20171113	2017-11-13	197	197	16	28691.30	145.64	4.18274111675127	9.14	2026-05-15 13:57:41.810
20180316	2018-03-16	242	239	12	37682.45	155.71	3.5702479338843	21.90	2026-05-15 13:57:41.810
20180708	2018-07-08	118	117	5	17107.22	144.98	4.10169491525424	2.54	2026-05-15 13:57:41.810
20170721	2017-07-21	112	109	5	14917.53	133.19	4.19642857142857	3.57	2026-05-15 13:57:41.810
20170821	2017-08-21	172	170	17	25168.01	146.33	4.33720930232558	2.91	2026-05-15 13:57:41.810
20180608	2018-06-08	192	192	9	30708.60	159.94	4.16666666666667	3.65	2026-05-15 13:57:41.810
20170329	2017-03-29	72	71	7	9662.03	134.19	4.18055555555556	5.56	2026-05-15 13:57:41.810
20170813	2017-08-13	90	90	5	14373.59	159.71	4.41111111111111	2.22	2026-05-15 13:57:41.810
20180823	2018-08-23	137	137	6	19017.54	138.81	4.44525547445255	5.11	2026-05-15 13:57:41.810
20171122	2017-11-22	190	187	14	28780.66	151.48	3.96842105263158	14.74	2026-05-15 13:57:41.810
20170126	2017-01-26	82	79	5	14824.80	180.79	4.32926829268293	4.88	2026-05-15 13:57:41.810
20180322	2018-03-22	249	247	13	36150.42	145.18	3.85542168674699	12.45	2026-05-15 13:57:41.810
20180531	2018-05-31	132	131	6	27373.26	207.37	4.28787878787879	0.76	2026-05-15 13:57:41.810
20170312	2017-03-12	63	61	4	7711.89	122.41	4.11111111111111	3.17	2026-05-15 13:57:41.810
20170704	2017-07-04	120	118	12	17626.42	146.89	4.025	8.33	2026-05-15 13:57:41.810
20170604	2017-06-04	98	97	7	15621.97	159.41	4.42857142857143	2.04	2026-05-15 13:57:41.810
20170518	2017-05-18	124	122	10	20806.70	167.80	3.98387096774194	3.23	2026-05-15 13:57:41.810
20180219	2018-02-19	251	248	12	32947.13	131.26	3.94422310756972	18.73	2026-05-15 13:57:41.810
20170730	2017-07-30	107	106	8	13814.56	129.11	4.14953271028037	0.93	2026-05-15 13:57:41.810
20180405	2018-04-05	261	259	17	41827.99	160.26	4.30651340996169	4.98	2026-05-15 13:57:41.810
20171208	2017-12-08	210	209	6	33204.45	158.12	3.92380952380952	11.90	2026-05-15 13:57:41.810
20170212	2017-02-12	61	61	0	16389.82	268.69	4.29508196721311	1.64	2026-05-15 13:57:41.810
20170830	2017-08-30	173	168	12	33063.14	191.12	4.39017341040462	2.31	2026-05-15 13:57:41.810
20180617	2018-06-17	151	151	8	20657.67	136.81	4.45695364238411	2.65	2026-05-15 13:57:41.810
20171228	2017-12-28	143	143	3	17358.50	121.39	4.13986013986014	5.59	2026-05-15 13:57:41.810
20180717	2018-07-17	216	212	14	34775.60	161.00	4.2037037037037	6.48	2026-05-15 13:57:41.810
20170710	2017-07-10	140	137	12	20397.34	145.70	4.38928571428571	5.71	2026-05-15 13:57:41.810
20170524	2017-05-24	140	137	13	26552.81	189.66	4.28571428571429	5.00	2026-05-15 13:57:41.810
20171022	2017-10-22	152	149	7	22539.73	148.29	4.17763157894737	5.92	2026-05-15 13:57:41.810
20170916	2017-09-16	125	124	11	21758.71	174.07	4.088	9.60	2026-05-15 13:57:41.810
20170418	2017-04-18	71	71	4	23433.86	330.05	4.19718309859155	8.45	2026-05-15 13:57:41.810
20180305	2018-03-05	251	247	21	43664.11	173.96	3.41035856573705	28.69	2026-05-15 13:57:41.810
20170226	2017-02-26	42	42	1	6101.02	145.26	4	4.76	2026-05-15 13:57:41.810
20180319	2018-03-19	293	291	9	51213.97	174.79	3.80716723549488	22.87	2026-05-15 13:57:41.810
20180511	2018-05-11	244	244	11	43139.65	176.80	4.12704918032787	11.48	2026-05-15 13:57:41.810
20180611	2018-06-11	288	288	13	56092.81	194.77	4.30208333333333	3.82	2026-05-15 13:57:41.810
20180113	2018-01-13	211	209	13	31871.73	151.05	4.21800947867299	2.84	2026-05-15 13:57:41.810
20180803	2018-08-03	301	301	12	48116.34	159.85	4.08970099667774	15.61	2026-05-15 13:57:41.810
20170624	2017-06-24	74	73	5	9781.50	132.18	4.12162162162162	8.11	2026-05-15 13:57:41.810
20170601	2017-06-01	123	121	6	21749.38	176.82	3.95121951219512	2.44	2026-05-15 13:57:41.810
20171102	2017-11-02	117	117	3	23825.62	203.64	4.07692307692308	5.13	2026-05-15 13:57:41.810
20180820	2018-08-20	249	249	11	38832.78	155.95	4.4859437751004	10.04	2026-05-15 13:57:41.810
20171125	2017-11-25	487	480	24	70684.27	145.14	3.66837782340862	23.20	2026-05-15 13:57:41.810
20171002	2017-10-02	140	140	6	24937.45	178.12	4.15714285714286	1.43	2026-05-15 13:57:41.810
20170123	2017-01-23	36	36	2	7221.59	200.60	3.77777777777778	5.56	2026-05-15 13:57:41.810
20170810	2017-08-10	154	150	13	23196.09	150.62	4.30194805194805	3.90	2026-05-15 13:57:41.810
20180302	2018-03-02	262	256	14	36904.02	140.86	3.47137404580153	32.06	2026-05-15 13:57:41.810
20170315	2017-03-15	101	100	4	16477.95	163.15	4.22772277227723	7.92	2026-05-15 13:57:41.810
20180325	2018-03-25	188	187	3	29948.35	159.30	3.94148936170213	15.43	2026-05-15 13:57:41.810
20170415	2017-04-15	49	49	3	9225.82	188.28	4.04081632653061	12.24	2026-05-15 13:57:41.810
20180425	2018-04-25	278	277	11	46782.45	168.28	4.26978417266187	4.32	2026-05-15 13:57:41.810
20170607	2017-06-07	122	121	8	15102.21	123.79	4.14754098360656	4.92	2026-05-15 13:57:41.810
20170309	2017-03-09	88	86	7	13001.78	147.75	4.09090909090909	5.68	2026-05-15 13:57:41.810
20170106	2017-01-06	4	4	0	988.28	247.07	4.75	0.00	2026-05-15 13:57:41.810
20170501	2017-05-01	109	107	9	13721.55	125.89	4.06422018348624	4.59	2026-05-15 13:57:41.810
20170206	2017-02-06	78	76	4	10893.73	139.66	4.23076923076923	3.85	2026-05-15 13:57:41.810
20161009	2016-10-09	20	20	2	3037.32	151.87	4	0.00	2026-05-15 13:57:41.810
20171205	2017-12-05	269	268	16	39049.39	145.17	4.05576208178439	11.52	2026-05-15 13:57:41.810
20180408	2018-04-08	183	182	11	27508.10	150.32	4.14207650273224	7.10	2026-05-15 13:57:41.810
20170209	2017-02-09	73	72	7	10568.42	144.77	4.05479452054795	5.48	2026-05-15 13:57:41.810
20170707	2017-07-07	113	113	2	15592.88	137.99	4.31858407079646	1.77	2026-05-15 13:57:41.810
20171231	2017-12-31	71	71	4	9924.70	139.78	4.14084507042254	1.41	2026-05-15 13:57:41.810
20180714	2018-07-14	142	141	9	25593.41	180.24	4.27464788732394	5.63	2026-05-15 13:57:41.810
20180528	2018-05-28	140	140	8	29934.84	213.82	4.37142857142857	0.00	2026-05-15 13:57:41.810
20180428	2018-04-28	166	166	9	25846.43	155.70	4.01204819277108	5.42	2026-05-15 13:57:41.810
20171225	2017-12-25	86	84	5	12059.38	140.23	4.13953488372093	8.14	2026-05-15 13:57:41.810
20180720	2018-07-20	240	239	8	37355.28	155.65	4.125	3.75	2026-05-15 13:57:41.810
20180508	2018-05-08	322	322	11	53849.60	167.23	4.29968944099379	6.83	2026-05-15 13:57:41.810
20171105	2017-11-05	137	132	13	19815.71	144.64	4.18978102189781	2.92	2026-05-15 13:57:41.810
20180402	2018-04-02	274	274	9	46569.05	169.96	4.09124087591241	14.96	2026-05-15 13:57:41.810
20171211	2017-12-11	262	259	13	38433.88	146.69	3.96946564885496	6.87	2026-05-15 13:57:41.810
20180222	2018-02-22	268	264	18	35576.59	132.75	3.63619402985075	21.27	2026-05-15 13:57:41.810
20170727	2017-07-27	121	120	6	18440.82	152.40	4.30165289256198	3.31	2026-05-15 13:57:41.810
20170913	2017-09-13	203	201	17	31513.56	155.24	4.13300492610837	8.87	2026-05-15 13:57:41.810
20180614	2018-06-14	210	210	13	32475.65	154.65	4.49047619047619	1.90	2026-05-15 13:57:41.810
20170521	2017-05-21	143	139	14	19867.18	138.93	4.22377622377622	2.10	2026-05-15 13:57:41.810
20171019	2017-10-19	172	169	13	26785.55	155.73	3.97674418604651	4.65	2026-05-15 13:57:41.810
20170627	2017-06-27	140	140	7	19609.72	140.07	4.17142857142857	2.14	2026-05-15 13:57:41.810
20170621	2017-06-21	34	34	2	7199.70	211.76	4.41176470588235	5.88	2026-05-15 13:57:41.810
20180216	2018-02-16	210	208	10	31451.27	149.77	3.75238095238095	15.71	2026-05-15 13:57:41.810
20180116	2018-01-16	296	293	20	48957.92	165.40	3.97635135135135	9.12	2026-05-15 13:57:41.810
20170919	2017-09-19	149	147	9	22906.86	153.74	4.18791946308725	9.40	2026-05-15 13:57:41.810
20180514	2018-05-14	351	351	15	60439.49	172.19	4.21367521367521	13.68	2026-05-15 13:57:41.810
20171028	2017-10-28	85	82	8	18741.90	220.49	4.24117647058824	2.35	2026-05-15 13:57:41.810
20180205	2018-02-05	265	259	12	41183.29	155.41	4.03018867924528	8.68	2026-05-15 13:57:41.810
20170719	2017-07-19	148	145	9	19302.12	130.42	4.23648648648649	2.03	2026-05-15 13:57:41.810
20180328	2018-03-28	210	210	8	31423.56	149.64	3.94761904761905	12.86	2026-05-15 13:57:41.810
20170510	2017-05-10	109	107	6	22648.56	207.78	4.26605504587156	6.42	2026-05-15 13:57:41.810
20170318	2017-03-18	71	71	1	17593.33	247.79	4.12676056338028	2.82	2026-05-15 13:57:41.810
20180228	2018-02-28	303	298	15	51007.40	168.34	3.64851485148515	26.40	2026-05-15 13:57:41.810
20170905	2017-09-05	151	151	13	24058.05	159.32	4.08609271523179	1.99	2026-05-15 13:57:41.810
20171128	2017-11-28	370	367	20	55583.94	150.23	3.90540540540541	21.08	2026-05-15 13:57:41.810
20171005	2017-10-05	138	138	8	28373.15	205.60	3.92028985507246	5.07	2026-05-15 13:57:41.810
20170218	2017-02-18	44	42	2	7187.53	163.35	4.18181818181818	2.27	2026-05-15 13:57:41.810
20170109	2017-01-09	5	5	0	774.51	154.90	3.4	40.00	2026-05-15 13:57:41.810
20180723	2018-07-23	281	281	13	45556.97	162.12	4.31316725978648	6.41	2026-05-15 13:57:41.810
20170301	2017-03-01	93	92	7	14190.98	152.59	4.13978494623656	4.30	2026-05-15 13:57:41.810
20170504	2017-05-04	104	102	4	15563.92	149.65	4.22115384615385	1.92	2026-05-15 13:57:41.810
20180729	2018-07-29	178	177	9	33685.63	189.25	4.41011235955056	6.74	2026-05-15 13:57:41.810
20170404	2017-04-04	96	96	5	14152.99	147.43	4.1875	7.29	2026-05-15 13:57:41.810
20180829	2018-08-29	11	11	0	1762.70	160.25	4.09090909090909	0.00	2026-05-15 13:57:41.810
20170424	2017-04-24	108	108	7	15179.37	140.55	4.07407407407407	11.11	2026-05-15 13:57:41.810
20170922	2017-09-22	133	130	7	18108.13	136.15	4.28195488721805	2.26	2026-05-15 13:57:41.810
20180809	2018-08-09	265	265	13	43440.86	163.93	4.35471698113208	10.19	2026-05-15 13:57:41.810
20160915	2016-09-15	1	1	0	0.00	0.00	1	100.00	2026-05-15 13:57:41.810
20170802	2017-08-02	148	148	5	20284.36	137.06	4.03378378378378	2.70	2026-05-15 13:57:41.810
20171108	2017-11-08	169	167	8	22458.68	132.89	4.09467455621302	6.51	2026-05-15 13:57:41.810
20170610	2017-06-10	72	71	8	9467.00	131.49	4	0.00	2026-05-15 13:57:41.810
20180623	2018-06-23	149	148	9	21043.65	141.23	4.24161073825503	1.34	2026-05-15 13:57:41.810
20180125	2018-01-25	226	222	17	33912.46	150.06	4.06194690265487	6.64	2026-05-15 13:57:41.810
20180603	2018-06-03	189	188	17	32375.81	171.30	4.23809523809524	0.00	2026-05-15 13:57:41.810
20180105	2018-01-05	197	195	13	30267.04	153.64	4.13705583756345	5.08	2026-05-15 13:57:41.810
20170324	2017-03-24	75	73	4	11554.39	154.06	4.12	6.67	2026-05-15 13:57:41.810
20170630	2017-06-30	93	93	3	14750.45	158.61	4.41935483870968	4.30	2026-05-15 13:57:41.810
20170716	2017-07-16	106	106	7	14944.89	140.99	4.07547169811321	6.60	2026-05-15 13:57:41.810
20171114	2017-11-14	184	182	8	30765.71	167.20	4.05978260869565	11.41	2026-05-15 13:57:41.810
20180119	2018-01-19	225	223	12	32215.20	143.18	3.85777777777778	8.44	2026-05-15 13:57:41.810
20180311	2018-03-11	215	214	8	36317.38	168.92	3.63255813953488	26.98	2026-05-15 13:57:41.810
20170822	2017-08-22	135	131	8	19680.58	145.78	4.26666666666667	2.22	2026-05-15 13:57:41.810
20171214	2017-12-14	195	194	6	29203.30	149.76	4.03076923076923	5.64	2026-05-15 13:57:41.810
20180411	2018-04-11	262	261	17	44426.54	169.57	4.20229007633588	4.20	2026-05-15 13:57:41.810
20170530	2017-05-30	98	98	8	15732.56	160.54	4.35714285714286	3.06	2026-05-15 13:57:41.810
20171217	2017-12-17	130	127	13	21775.65	167.51	4.19230769230769	3.08	2026-05-15 13:57:41.810
20180703	2018-07-03	40	40	0	5943.77	148.59	4.4	7.50	2026-05-15 13:57:41.810
20180726	2018-07-26	239	238	10	40501.94	169.46	4.33054393305439	2.93	2026-05-15 13:57:41.810
20170816	2017-08-16	166	162	9	24367.86	146.79	4.31325301204819	5.42	2026-05-15 13:57:41.810
20180417	2018-04-17	257	256	9	39188.31	152.48	4.25291828793774	4.67	2026-05-15 13:57:41.810
20180208	2018-02-08	221	218	10	31304.07	141.65	3.94796380090498	11.31	2026-05-15 13:57:41.810
20170507	2017-05-07	101	99	9	18614.01	184.30	4.22772277227723	1.98	2026-05-15 13:57:41.810
20171025	2017-10-25	152	149	11	20594.98	135.49	4.29605263157895	2.63	2026-05-15 13:57:41.810
20171031	2017-10-31	156	155	7	26760.99	171.54	4.08333333333333	7.69	2026-05-15 13:57:41.810
20180517	2018-05-17	221	220	6	34943.76	158.12	4.07239819004525	18.55	2026-05-15 13:57:41.810
20171008	2017-10-08	124	122	10	19424.09	156.65	4.33064516129032	1.61	2026-05-15 13:57:41.810
20180225	2018-02-25	231	226	18	33900.73	146.76	3.56421356421356	25.54	2026-05-15 13:57:41.810
20180202	2018-02-02	206	204	9	31263.39	151.76	3.91747572815534	9.71	2026-05-15 13:57:41.810
20170215	2017-02-15	56	56	3	7734.14	138.11	4.23214285714286	0.00	2026-05-15 13:57:41.810
20170902	2017-09-02	102	100	5	20215.96	198.20	4.57843137254902	0.98	2026-05-15 13:57:41.810
20170407	2017-04-07	82	80	5	14605.91	178.12	4.25609756097561	8.54	2026-05-15 13:57:41.810
20180331	2018-03-31	164	162	11	28154.19	171.67	3.92073170731707	15.85	2026-05-15 13:57:41.810
20170112	2017-01-12	12	12	0	1720.35	143.36	3.83333333333333	16.67	2026-05-15 13:57:41.810
20180826	2018-08-26	73	73	3	9304.00	127.45	4.45205479452055	1.37	2026-05-15 13:57:41.810
20170401	2017-04-01	66	63	3	18862.37	285.79	4.40909090909091	4.55	2026-05-15 13:57:41.810
20171111	2017-11-11	152	151	9	26054.42	171.41	4.13157894736842	6.58	2026-05-15 13:57:41.810
20170613	2017-06-13	121	121	5	16307.27	134.77	4.30578512396694	2.48	2026-05-15 13:57:41.810
20170115	2017-01-15	14	13	2	2551.34	182.24	4.5	0.00	2026-05-15 13:57:41.810
20180812	2018-08-12	191	191	3	34260.37	179.37	4.31413612565445	4.71	2026-05-15 13:57:41.810
20180122	2018-01-22	305	300	9	42966.09	140.87	3.95409836065574	8.52	2026-05-15 13:57:41.810
20170421	2017-04-21	66	66	2	10101.02	153.05	3.75757575757576	7.58	2026-05-15 13:57:41.810
20180102	2018-01-02	200	200	8	28935.99	144.68	4.12	2.00	2026-05-15 13:57:41.810
20180620	2018-06-20	212	212	14	33389.00	157.50	4.30188679245283	0.00	2026-05-15 13:57:41.810
20180520	2018-05-20	158	158	6	22624.45	143.19	4.00632911392405	20.25	2026-05-15 13:57:41.810
20170713	2017-07-13	131	129	9	17675.37	134.93	4.16030534351145	3.82	2026-05-15 13:57:41.810
20180414	2018-04-14	145	143	10	22305.81	153.83	4.00689655172414	4.83	2026-05-15 13:57:41.810
20180308	2018-03-08	227	223	11	33059.59	145.64	3.75330396475771	25.11	2026-05-15 13:57:41.810
20170321	2017-03-21	92	90	4	13166.64	143.12	4.08695652173913	3.26	2026-05-15 13:57:41.810
20170925	2017-09-25	129	129	9	20365.15	157.87	4.29457364341085	0.78	2026-05-15 13:57:41.810
20170527	2017-05-27	77	76	10	15158.26	196.86	4.38961038961039	2.60	2026-05-15 13:57:41.810
20170129	2017-01-29	32	31	3	6593.76	206.06	4.375	6.25	2026-05-15 13:57:41.810
20180806	2018-08-06	360	360	16	62379.72	173.28	4.24166666666667	20.00	2026-05-15 13:57:41.810
20170819	2017-08-19	106	106	6	15031.02	141.80	4.13207547169811	1.89	2026-05-15 13:57:41.810
20180706	2018-07-06	118	118	5	21615.33	183.18	4.40677966101695	1.69	2026-05-15 13:57:41.810
20170427	2017-04-27	68	68	4	10832.49	159.30	4.36764705882353	0.00	2026-05-15 13:57:41.810
20180111	2018-01-11	260	259	15	45892.54	176.51	4.22307692307692	3.08	2026-05-15 13:57:41.810
20180420	2018-04-20	100	100	5	17749.18	177.49	4.33	3.00	2026-05-15 13:57:41.810
20170602	2017-06-02	123	121	12	21013.76	170.84	4.2520325203252	4.07	2026-05-15 13:57:41.810
20170911	2017-09-11	176	176	5	26817.75	152.37	4.28409090909091	5.11	2026-05-15 13:57:41.810
20170410	2017-04-10	84	84	5	13049.66	155.35	4.07142857142857	7.14	2026-05-15 13:57:41.810
20171220	2017-12-20	168	167	9	30531.41	181.73	4.00297619047619	6.55	2026-05-15 13:57:41.810
20170224	2017-02-24	60	60	2	7779.20	129.65	4.3	5.00	2026-05-15 13:57:41.810
20170702	2017-07-02	101	100	6	13261.09	131.30	4.33663366336634	2.97	2026-05-15 13:57:41.810
20170310	2017-03-10	84	81	7	14005.74	166.74	4.39285714285714	2.38	2026-05-15 13:57:41.810
20180529	2018-05-29	145	145	8	24731.67	170.56	4.31034482758621	0.00	2026-05-15 13:57:41.810
20170201	2017-02-01	61	60	3	8788.70	144.08	4.22950819672131	1.64	2026-05-15 13:57:41.810
20170207	2017-02-07	108	104	8	16020.23	148.34	4.33333333333333	1.85	2026-05-15 13:57:41.810
20180629	2018-06-29	157	156	6	21737.50	138.46	4.26114649681529	1.27	2026-05-15 13:57:41.810
20161007	2016-10-07	35	35	1	6423.64	183.53	3.85714285714286	0.00	2026-05-15 13:57:41.810
20180715	2018-07-15	148	148	1	33876.60	228.90	4.13513513513514	5.41	2026-05-15 13:57:41.810
20170828	2017-08-28	150	145	10	24637.72	164.25	4.37333333333333	4.00	2026-05-15 13:57:41.810
20180503	2018-05-03	297	294	20	47520.95	160.00	4.34343434343434	3.70	2026-05-15 13:57:41.810
20170118	2017-01-18	30	30	3	3811.68	127.06	3.7	3.33	2026-05-15 13:57:41.810
20170616	2017-06-16	94	93	2	14547.83	154.76	4.20212765957447	6.38	2026-05-15 13:57:41.810
20180523	2018-05-23	131	131	6	20219.08	154.34	4.33587786259542	2.29	2026-05-15 13:57:41.810
20170516	2017-05-16	149	146	12	24213.16	162.50	4.1510067114094	2.68	2026-05-15 13:57:41.810
20180815	2018-08-15	277	277	13	51544.05	186.08	4.29963898916967	8.66	2026-05-15 13:57:41.810
20170808	2017-08-08	146	145	8	21541.13	147.54	4.33561643835616	4.79	2026-05-15 13:57:41.810
20171226	2017-12-26	165	165	10	23280.78	141.10	4.27878787878788	2.42	2026-05-15 13:57:41.810
20180211	2018-02-11	165	163	14	25377.01	153.80	3.68484848484849	15.15	2026-05-15 13:57:41.810
20180709	2018-07-09	146	146	9	22894.00	156.81	4.27397260273973	5.48	2026-05-15 13:57:41.810
20170928	2017-09-28	140	140	7	26042.47	186.02	4.27857142857143	2.14	2026-05-15 13:57:41.810
20170430	2017-04-30	66	66	2	9289.56	140.75	4.1969696969697	4.55	2026-05-15 13:57:41.810
20180317	2018-03-17	175	174	6	23495.56	134.26	3.88	20.57	2026-05-15 13:57:41.810
20180403	2018-04-03	243	243	8	41814.26	172.08	4.1522633744856	10.70	2026-05-15 13:57:41.810
20170914	2017-09-14	163	162	14	26057.64	159.86	4.07361963190184	7.98	2026-05-15 13:57:41.810
20170622	2017-06-22	83	82	9	10159.55	122.40	4.10240963855422	6.02	2026-05-15 13:57:41.810
20171120	2017-11-20	219	217	8	49081.73	224.12	4.00456621004566	14.16	2026-05-15 13:57:41.810
20171014	2017-10-14	114	114	4	15715.40	137.85	4.24561403508772	4.39	2026-05-15 13:57:41.810
20170330	2017-03-30	72	72	6	11172.34	155.17	4.19444444444444	4.17	2026-05-15 13:57:41.810
20170722	2017-07-22	87	84	7	13279.20	152.63	4.13218390804598	2.30	2026-05-15 13:57:41.810
20180609	2018-06-09	169	169	9	33831.91	200.19	4.37869822485207	1.18	2026-05-15 13:57:41.810
20170221	2017-02-21	39	39	3	8982.23	230.31	4.07692307692308	2.56	2026-05-15 13:57:41.810
20180108	2018-01-08	287	285	16	43927.03	153.06	4.13066202090592	3.83	2026-05-15 13:57:41.810
20180131	2018-01-31	251	246	10	37201.35	148.21	4.20517928286853	4.78	2026-05-15 13:57:41.810
20170413	2017-04-13	60	59	5	11216.11	186.94	4.1	8.33	2026-05-15 13:57:41.810
20180818	2018-08-18	192	192	10	28332.55	147.57	4.38020833333333	2.60	2026-05-15 13:57:41.810
20170908	2017-09-08	111	109	10	14069.01	126.75	4.37837837837838	5.41	2026-05-15 13:57:41.810
20180423	2018-04-23	215	215	9	34063.65	158.44	4.16046511627907	5.58	2026-05-15 13:57:41.810
20170204	2017-02-04	63	63	2	15191.04	241.13	4.17460317460317	3.17	2026-05-15 13:57:41.810
20161004	2016-10-04	54	54	1	9821.42	181.88	3.96296296296296	3.70	2026-05-15 13:57:41.810
20180626	2018-06-26	230	230	10	36348.48	158.04	4.28260869565217	0.00	2026-05-15 13:57:41.810
20170307	2017-03-07	78	77	1	13190.06	169.10	4.21794871794872	6.41	2026-05-15 13:57:41.810
20170304	2017-03-04	69	66	4	10024.79	145.29	4.26086956521739	5.80	2026-05-15 13:57:41.810
20180526	2018-05-26	99	99	8	16914.09	170.85	4.31313131313131	1.01	2026-05-15 13:57:41.810
20170825	2017-08-25	117	113	12	16589.62	141.79	4.16239316239316	5.98	2026-05-15 13:57:41.810
20170519	2017-05-19	140	135	13	20483.89	146.31	4.16428571428571	2.14	2026-05-15 13:57:41.810
20170705	2017-07-05	138	135	9	23844.87	172.79	4.14492753623188	3.62	2026-05-15 13:57:41.810
20171203	2017-12-03	226	226	12	33554.34	148.47	3.94247787610619	11.50	2026-05-15 13:57:41.810
20170805	2017-08-05	113	111	8	14282.71	126.40	4.35840707964602	1.77	2026-05-15 13:57:41.810
20170831	2017-08-31	143	142	6	22824.04	159.61	4.29370629370629	5.59	2026-05-15 13:57:41.810
20170513	2017-05-13	67	66	7	9781.86	146.00	4.02985074626866	2.99	2026-05-15 13:57:41.810
20180128	2018-01-28	149	147	6	25685.11	172.38	4.26174496644295	4.03	2026-05-15 13:57:41.810
20171117	2017-11-17	185	183	13	33589.38	181.56	4.02162162162162	10.27	2026-05-15 13:57:41.810
20170619	2017-06-19	152	148	11	25319.01	166.57	4.09868421052632	5.26	2026-05-15 13:57:41.810
20170121	2017-01-21	22	20	4	2897.86	131.72	3.63636363636364	0.00	2026-05-15 13:57:41.810
20170725	2017-07-25	145	143	8	19767.31	136.33	4.12413793103448	4.14	2026-05-15 13:57:41.810
20170227	2017-02-27	41	41	1	6727.34	164.08	4.17073170731707	7.32	2026-05-15 13:57:41.810
20171223	2017-12-23	101	100	5	13952.53	138.14	4	11.88	2026-05-15 13:57:41.810
20180320	2018-03-20	292	290	10	42122.06	144.25	4	14.73	2026-05-15 13:57:41.810
20171011	2017-10-11	151	147	8	21848.65	144.69	4.18211920529801	4.64	2026-05-15 13:57:41.810
20180712	2018-07-12	117	116	5	22767.58	194.59	4.11965811965812	11.11	2026-05-15 13:57:41.810
20180606	2018-06-06	224	223	10	31709.91	141.56	4.07589285714286	1.34	2026-05-15 13:57:41.810
20180612	2018-06-12	238	238	7	45467.20	191.04	4.24789915966387	3.36	2026-05-15 13:57:41.810
20180506	2018-05-06	205	204	9	32099.05	156.58	4.13658536585366	3.90	2026-05-15 13:57:41.810
20180314	2018-03-14	195	194	8	27150.51	139.23	3.67179487179487	23.59	2026-05-15 13:57:41.810
20170327	2017-03-27	107	106	4	18517.10	173.06	4.1214953271028	4.67	2026-05-15 13:57:41.810
20180214	2018-02-14	281	270	20	41008.72	145.94	4.09786476868327	13.88	2026-05-15 13:57:41.810
20171017	2017-10-17	195	192	17	34316.96	175.98	4.25128205128205	9.74	2026-05-15 13:57:41.810